epoch,time,train/box_loss,train/cls_loss,train/dfl_loss,metrics/precision(B),metrics/recall(B),metrics/mAP50(B),metrics/mAP50-95(B),val/box_loss,val/cls_loss,val/dfl_loss,lr/pg0,lr/pg1,lr/pg2
1,1365.9,1.27214,1.44385,0,0.2914,0.32875,0.18028,0.04117,1.1537,0.90043,0,0.0683579,0.00166537,0.00166537
2,2720,1.26348,1.4269,0,0.28315,0.33711,0.18449,0.04222,1.14786,0.91703,0,0.0366659,0.00330667,0.00330667
3,4072.32,1.28647,1.46526,0,0.26642,0.32556,0.17847,0.04134,1.16092,0.92753,0,0.00494843,0.00492257,0.00492257
4,5421.03,1.29826,1.48207,0,0.27528,0.3457,0.18914,0.04342,1.17499,0.94957,0,0.00488577,0.00488577,0.00488577
