epoch,time,train/box_loss,train/cls_loss,train/dfl_loss,metrics/precision(B),metrics/recall(B),metrics/mAP50(B),metrics/mAP50-95(B),val/box_loss,val/cls_loss,val/dfl_loss,lr/pg0,lr/pg1,lr/pg2
1,994.792,1.1917,1.99348,1.49003,0.80428,0.77937,0.83085,0.58349,1.0213,0.83803,1.39476,0.0683579,0.00166537,0.00166537
2,1978.5,1.09685,1.22618,1.39332,0.83216,0.77704,0.8286,0.57272,1.054,0.81784,1.42201,0.0366659,0.00330667,0.00330667
