epoch,time,train/box_loss,train/cls_loss,train/dfl_loss,metrics/precision(B),metrics/recall(B),metrics/mAP50(B),metrics/mAP50-95(B),val/box_loss,val/cls_loss,val/dfl_loss,lr/pg0,lr/pg1,lr/pg2
1,1366.34,3.5805,4.80281,0,0.86149,0.01369,0.01026,0.00222,2.7215,3.86225,0,0.0683579,0.00166537,0.00166537
2,2719.89,2.38462,3.93999,0,0.21929,0.15419,0.08274,0.02022,2.05164,2.83727,0,0.0366659,0.00330667,0.00330667
